Protein	Half Life	LowerConfidenceInterval	UpperConfidenceInterval	Summed Intensity	Number of Ratios	Number of Peptides	PeptideSequences
P06745	12.12008252566038	10.507005920266014	13.991666947112416	72830380.74642144	14	1	[UniProt:N-acetylalanine on A]AALTRNPQFQK;
Q61171	12.886175797881013	11.145637249717755	15.124311162119817	18069697784.48691	59	3	[UniProt:N-acetylalanine on A]ASGNAQIGK;EGGLGPLNIPLLADVTK;SAPDFTATAVVDGAFK;
P18760	5.116053237854664	3.9790308872535682	6.595748221137275	207241997.3371245	30	2	[UniProt:N-acetylalanine on A]ASGVAVSDGVIK;LGGSAVISLEGKPL;
Q60864	9.417120898821285	7.485390718783591	12.002548581108305	2881380.8868989134	6	1	[UniProt:N-acetylmethionine on M]MEQVNELK;
P00920	12.387583421883939	10.265805399288311	14.244701614466717	13427059156.54837	104	6	AVQQPDGLAVLGIFLK;IGPASQGLQK;[UniProt:N-acetylserine on S]SHHWGYSK;SIVNNGHSFNVEFDDSQDNAVLK;VLEALHSIK;YAAELHLVHWNTK;
Q9JII6	12.542257614699302	10.543766056585763	14.744675187405864	15535434.516043779	7	1	[UniProt:N-acetylthreonine on T]TASSVLLHTGQK;
P02088;P02089	11.702636848887892	9.684884456607811	13.810463848559463	4536238069723.857	207	12	DFTP[Common Biological:Hydroxylation on P]AAQAAFQK;DFTP[Common Biological:Hydroxylation on P]AAQAAFQK;DFTPAAQAAFQK;DFTPAAQAAFQK;GTFASLSELHC[Common Fixed:Carbamidomethyl on C]DK;GTFASLSELHC[Common Fixed:Carbamidomethyl on C]DK[Common Biological:Formylation on K];[UniProt:N-acetylvaline on V]VHLTDAEK;[UniProt:N-acetylvaline on V]VHLTDAEK;VHLTDAEK;VHLTDAEK;VHLTDAEK[Common Biological:Hydroxylation on K];VHLTDAEK[Common Biological:Hydroxylation on K];
P07724	2.213679040834947	1.8340623410668009	2.7633040207266997	1892210920922.7065	914	60	AADKDTC[Common Fixed:Carbamidomethyl on C]FSTEGPNLVTRC[Common Fixed:Carbamidomethyl on C]K;AETFTFHSDIC[Common Fixed:Carbamidomethyl on C]TLP[Common Biological:Hydroxylation on P]EK;AETFTFHSDIC[Common Fixed:Carbamidomethyl on C]TLP[Common Biological:Hydroxylation on P]EK;AETFTFHSDIC[Common Fixed:Carbamidomethyl on C]TLPEK;AETFTFHSDIC[Common Fixed:Carbamidomethyl on C]TLPEK;AETFTFHSDIC[Common Fixed:Carbamidomethyl on C]TLPEK[Common Biological:Formylation on K];AETFTFHSDIC[Common Fixed:Carbamidomethyl on C]TLPEK[Common Biological:Formylation on K];AHC[Common Fixed:Carbamidomethyl on C]LSEVEHDTM[Common Variable:Oxidation on M]PADLPAIAADFVEDQEVC[Common Fixed:Carbamidomethyl on C]K;AHC[Common Fixed:Carbamidomethyl on C]LSEVEHDTMPADLPAIAADFVEDQEVC[Common Fixed:Carbamidomethyl on C]K;ALVSSVRQRMK;APQVSTPTLVEAARNLGRVGTK;AWAVARLSQTFP[Common Biological:Hydroxylation on P]NADFAEITK;AWAVARLSQTFP[Common Biological:Hydroxylation on P]NADFAEITK;AWAVARLSQTFPNADFAEITK;AWAVARLSQTFPNADFAEITK;C[Common Fixed:Carbamidomethyl on C]C[Common Fixed:Carbamidomethyl on C]AE[Common Biological:Carboxylation on E]ANPPAC[Common Fixed:Carbamidomethyl on C]YGTVLAEFQPLVEEPK;C[Common Fixed:Carbamidomethyl on C]C[Common Fixed:Carbamidomethyl on C]SGSLVERRP[Common Biological:Hydroxylation on P]C[Common Fixed:Carbamidomethyl on C]FSALTVDETYVPK;C[Common Fixed:Carbamidomethyl on C]C[Common Fixed:Carbamidomethyl on C]SGSLVERRPC[Common Fixed:Carbamidomethyl on C]FSALTVDETYVPK;C[Common Fixed:Carbamidomethyl on C]C[Common Fixed:Carbamidomethyl on C]TLPEDQRLP[Common Biological:Hydroxylation on P]C[Common Fixed:Carbamidomethyl on C]VEDYLSAILNRVC[Common Fixed:Carbamidomethyl on C]LLHEK;C[Common Fixed:Carbamidomethyl on C]SYDEHAK;DDNPSLPPFERPEAEAM[Common Variable:Oxidation on M]C[Common Fixed:Carbamidomethyl on C]TSFK;DDNPSLPPFERPEAEAMC[Common Fixed:Carbamidomethyl on C]TSFK;DTC[Common Fixed:Carbamidomethyl on C]FSTEGP[Common Biological:Hydroxylation on P]NLVTRC[Common Fixed:Carbamidomethyl on C]K;DTC[Common Fixed:Carbamidomethyl on C]FSTEGPNLVTRC[Common Fixed:Carbamidomethyl on C]K;DVFLGTFLYEYSRRHPDYSVSLLLRLAK;EC[Common Fixed:Carbamidomethyl on C]C[Common Fixed:Carbamidomethyl on C]HGDLLEC[Common Fixed:Carbamidomethyl on C]ADDRAELAK;EC[Common Fixed:Carbamidomethyl on C]C[Common Fixed:Carbamidomethyl on C]HGDLLEC[Common Fixed:Carbamidomethyl on C]ADDRAELAK[Common Biological:Hydroxylation on K];EFKAETFTFHSDIC[Common Fixed:Carbamidomethyl on C]TLPEK;EFKAETFTFHSDIC[Common Fixed:Carbamidomethyl on C]TLPEK;ENPTTFMGHYLHEVARRHPYFYAPELLYYAEQYN[Common Biological:Hydroxylation on N]EILTQC[Common Fixed:Carbamidomethyl on C]C[Common Fixed:Carbamidomethyl on C]AEADK;ENPTTFMGHYLHEVARRHPYFYAPELLYYAEQYNEILTQC[Common Fixed:Carbamidomethyl on C]C[Common Fixed:Carbamidomethyl on C]AEADK;ESC[Common Fixed:Carbamidomethyl on C]LTPK;ESC[Common Fixed:Carbamidomethyl on C]LTPKLDGVK;FGERAFK;GLVLIAFSQYLQK;KQTALAELVK;KYEATLEK;LATDLTK;LGEYGFQN[Common Biological:Hydroxylation on N]AILVRYTQK;LGEYGFQNAILVRYTQK;LQTC[Common Fixed:Carbamidomethyl on C]C[Common Fixed:Carbamidomethyl on C]DK;LQTC[Common Fixed:Carbamidomethyl on C]C[Common Fixed:Carbamidomethyl on C]DKPLLK;LVQEVTDFAK;NYAEAKDVFLGTFLYEYSRRHPDYSVSLLLRLAK;QEPERNEC[Common Fixed:Carbamidomethyl on C]FLQHK;QEPERNEC[Common Fixed:Carbamidomethyl on C]FLQHKDDNPSLPPFERPEAEAMC[Common Fixed:Carbamidomethyl on C]TSFK;QTALAELVK;SEIAHRYNDLGEQHFK;TC[Common Fixed:Carbamidomethyl on C]VADESAANC[Common Fixed:Carbamidomethyl on C]DK;TNC[Common Fixed:Carbamidomethyl on C]DLYEK;TPVSEHVTK;TPVSEHVTK[Common Biological:Hydroxylation on K];TVM[Common Variable:Oxidation on M]DDFAQFLDTC[Common Fixed:Carbamidomethyl on C]C[Common Fixed:Carbamidomethyl on C]K[Common Biological:Hydroxylation on K];TVM[Common Variable:Oxidation on M]DDFAQFLDTC[Common Fixed:Carbamidomethyl on C]C[Common Fixed:Carbamidomethyl on C]K[Common Biological:Hydroxylation on K];YM[Common Variable:Oxidation on M]C[Common Fixed:Carbamidomethyl on C]EN[Common Biological:Hydroxylation on N]QATISSK;YM[Common Variable:Oxidation on M]C[Common Fixed:Carbamidomethyl on C]EN[Common Biological:Hydroxylation on N]QATISSK;YM[Common Variable:Oxidation on M]C[Common Fixed:Carbamidomethyl on C]ENQATISSK;YM[Common Variable:Oxidation on M]C[Common Fixed:Carbamidomethyl on C]ENQATISSK;YMC[Common Fixed:Carbamidomethyl on C]ENQATISSK;YMC[Common Fixed:Carbamidomethyl on C]ENQATISSK;
O89020	1.008500134580868	0.6980966860637866	1.3919177086615266	448444901.79839534	41	4	AAPITQYLK;AAPQLPMEELVSLSK;DTLQRHFLVK;VLNSINVAVFSK;
Q61838	1.6594378284813252	1.285248151451742	2.0497610023635553	48746161378.76618	448	34	AAPLSLC[Common Fixed:Carbamidomethyl on C]ALTAVDQSVLLLKPEAK;ALLAYAFALAGNK;APFALQVNTLPLNFDK;ATAKPQYVVLVPSEVYSGVPEK[Common Biological:Methylation on K];DLSSSDLSTASK;DLTFYYLIK;DSFYC[Common Fixed:Carbamidomethyl on C]SPFTISGSPLPYTFITVEIK;EEGTGIELTGIGSC[Common Fixed:Carbamidomethyl on C]EIANALSK;ENGC[Common Fixed:Carbamidomethyl on C]FQQSGYLLNNAMK;EVLVTIESSGTFSK;GSGSGC[Common Fixed:Carbamidomethyl on C]VYLQTSLK;IEHSFEVK;IKEEGTGIELTGIGSC[Common Fixed:Carbamidomethyl on C]EIANALSK;KLQDQPNIQRTEVNTNHVLIYIEK;LLTDQAVDK;LQDQPNIQRTEVNTNHVLIYIEK;LTEVPALVHK;MVSGFIPMK;MVSGFIPMKPSVK;NLKPAPIK;PQYVVLVPSEVYSGVPEK[Common Biological:Methylation on K];QQNSHGGFSSTQDTVVALQALSK;RNRIFQWQNIHLAGGLHQLSFPLSVEPALGIYK;RSELLESLNK;TFHVNSGNRLLLQEVRLPDLPGNYVTK;THITNAFNWLSMK;TVSWAVTPK;VFQLRQK;VNLSFPSAQSLPASDTHLK;VNTNYRPGLPFSGQVLLVDEK;YFPETWIWDLVPLDVSGDGELAVK;YGAATFTRSQK;YNILPVADGK;YSRYRSTC[Common Fixed:Carbamidomethyl on C]HNQNSMSIC[Common Fixed:Carbamidomethyl on C]EEFSQQADDK;
P01027	0.4336194473463047	0.3465735902799888	0.8715872352282191	5434563266.473727	258	24	AAVFNHFISDGVK;AC[Common Fixed:Carbamidomethyl on C]EPGVDYVYK;ADIGC[Common Fixed:Carbamidomethyl on C]TPGSGK;AFIDC[Common Fixed:Carbamidomethyl on C]C[Common Fixed:Carbamidomethyl on C]NHITK;DSC[Common Fixed:Carbamidomethyl on C]IGTLVVK;GRGTLSVVAVYHAK;IGQQEVEVK;LEEPYLGK;LGQGGVQK;LSINTPNSRQPLTITVRTK;NTLIIYLEK;NTMFLEIC[Common Fixed:Carbamidomethyl on C]TK;NYAGVFMDAGLAFK;QIFSAEFEVK;QNEAFSLTAK;RQEALELIKK;SSVAVPYVIVPLK;TSQGLQTEQRADLEC[Common Fixed:Carbamidomethyl on C]TKPAA;TVAIHTLDPEK;TVLTGASGHLRSVSIK;VLMEGVRPSNADALVGK;VLVVTQGSNAK;VYSYYNLEESC[Common Fixed:Carbamidomethyl on C]TRFYHPEK;YLMWGLSSDLWGEK;
P01942	12.598094884768201	9.809611952447627	17.315692744440437	2346557314525.921	806	72	AAWGK[UniProt:N6-acetyllysine on K]IGGHGAEYGAEALERMFASFPTTK;AAWGK[UniProt:N6-acetyllysine on K]IGGHGAEYGAEALERMFASFPTTK;AAWGK[UniProt:N6-acetyllysine on K]IGGHGAEYGAEALERMFASFPTTK;AAWGK[UniProt:N6-acetyllysine on K]IGGHGAEYGAEALERMFASFPTTK;AAWGK[UniProt:N6-acetyllysine on K]IGGHGAEYGAEALERMFASFPTTK;AAWGK[UniProt:N6-acetyllysine on K]IGGHGAEYGAEALERMFASFPTTK;FLASVSTVLTSK[Common Biological:Formylation on K];IGGHGAEY[Common Biological:Nitrosylation on Y]GAEALERMFASFPTTK;IGGHGAEY[Common Biological:Nitrosylation on Y]GAEALERMFASFPTTK;IGGHGAEY[Common Biological:Nitrosylation on Y]GAEALERMFASFPTTK;IGGHGAEY[Common Biological:Nitrosylation on Y]GAEALERMFASFPTTK;IGGHGAEY[Common Biological:Nitrosylation on Y]GAEALERMFASFPTTK;IGGHGAEY[Common Biological:Nitrosylation on Y]GAEALERMFASFPTTK;IGGHGAEYGAEALE[Common Biological:Carboxylation on E]R[Common Biological:Methylation on R]MFASFPTTK;IGGHGAEYGAEALE[Common Biological:Carboxylation on E]R[Common Biological:Methylation on R]MFASFPTTK;IGGHGAEYGAEALE[Common Biological:Carboxylation on E]R[Common Biological:Methylation on R]MFASFPTTK;IGGHGAEYGAEALE[Common Biological:Carboxylation on E]R[Common Biological:Methylation on R]MFASFPTTK;IGGHGAEYGAEALE[Common Biological:Carboxylation on E]R[Common Biological:Methylation on R]MFASFPTTK;IGGHGAEYGAEALE[Common Biological:Carboxylation on E]R[Common Biological:Methylation on R]MFASFPTTK;IGGHGAEYGAEALE[Common Biological:Carboxylation on E]RMFASFPTTK;IGGHGAEYGAEALE[Common Biological:Carboxylation on E]RMFASFPTTK;IGGHGAEYGAEALE[Common Biological:Carboxylation on E]RMFASFPTTK;IGGHGAEYGAEALE[Common Biological:Carboxylation on E]RMFASFPTTK;IGGHGAEYGAEALE[Common Biological:Carboxylation on E]RMFASFPTTK;IGGHGAEYGAEALE[Common Biological:Carboxylation on E]RMFASFPTTK;IGGHGAEYGAEALE[Common Biological:Carboxylation on E]RMFASFPTTK[Common Biological:Acetylation on K];IGGHGAEYGAEALE[Common Biological:Carboxylation on E]RMFASFPTTK[Common Biological:Acetylation on K];IGGHGAEYGAEALE[Common Biological:Carboxylation on E]RMFASFPTTK[Common Biological:Acetylation on K];IGGHGAEYGAEALE[Common Biological:Carboxylation on E]RMFASFPTTK[Common Biological:Acetylation on K];IGGHGAEYGAEALE[Common Biological:Carboxylation on E]RMFASFPTTK[Common Biological:Acetylation on K];IGGHGAEYGAEALE[Common Biological:Carboxylation on E]RMFASFPTTK[Common Biological:Acetylation on K];IGGHGAEYGAEALER[Common Biological:Dimethylation on R]M[Common Variable:Oxidation on M]FASFPTTK;IGGHGAEYGAEALER[Common Biological:Dimethylation on R]M[Common Variable:Oxidation on M]FASFPTTK;IGGHGAEYGAEALER[Common Biological:Dimethylation on R]M[Common Variable:Oxidation on M]FASFPTTK;IGGHGAEYGAEALER[Common Biological:Dimethylation on R]M[Common Variable:Oxidation on M]FASFPTTK;IGGHGAEYGAEALER[Common Biological:Dimethylation on R]M[Common Variable:Oxidation on M]FASFPTTK;IGGHGAEYGAEALER[Common Biological:Dimethylation on R]M[Common Variable:Oxidation on M]FASFPTTK;K[Common Biological:Acetylation on K]VADALASAAGHLDDLPGALSALSDLHAHK;K[Common Biological:Acetylation on K]VADALASAAGHLDDLPGALSALSDLHAHK;K[Common Biological:Acetylation on K]VADALASAAGHLDDLPGALSALSDLHAHK;K[Common Biological:Acetylation on K]VADALASAAGHLDDLPGALSALSDLHAHK;K[Common Biological:Acetylation on K]VADALASAAGHLDDLPGALSALSDLHAHK;K[Common Biological:Acetylation on K]VADALASAAGHLDDLPGALSALSDLHAHK;LLSHC[Common Fixed:Carbamidomethyl on C]LLVTLASHHP[Common Biological:Hydroxylation on P]ADFTPAVHASLDK;LLSHC[Common Fixed:Carbamidomethyl on C]LLVTLASHHP[Common Biological:Hydroxylation on P]ADFTPAVHASLDK;LLSHC[Common Fixed:Carbamidomethyl on C]LLVTLASHHP[Common Biological:Hydroxylation on P]ADFTPAVHASLDK;LLSHC[Common Fixed:Carbamidomethyl on C]LLVTLASHHP[Common Biological:Hydroxylation on P]ADFTPAVHASLDK;LLSHC[Common Fixed:Carbamidomethyl on C]LLVTLASHHPAD[Common Biological:Carboxylation on D]FTPAVHASLDK;LLSHC[Common Fixed:Carbamidomethyl on C]LLVTLASHHPAD[Common Biological:Carboxylation on D]FTPAVHASLDK;LLSHC[Common Fixed:Carbamidomethyl on C]LLVTLASHHPAD[Common Biological:Carboxylation on D]FTPAVHASLDK;LLSHC[Common Fixed:Carbamidomethyl on C]LLVTLASHHPAD[Common Biological:Carboxylation on D]FTPAVHASLDK;LLSHC[Common Fixed:Carbamidomethyl on C]LLVTLASHHPADFTPAVHASLDK;LLSHC[Common Fixed:Carbamidomethyl on C]LLVTLASHHPADFTPAVHASLDK;LLSHC[Common Fixed:Carbamidomethyl on C]LLVTLASHHPADFTPAVHASLDK;LLSHC[Common Fixed:Carbamidomethyl on C]LLVTLASHHPADFTPAVHASLDK;LLSHC[Common Fixed:Carbamidomethyl on C]LLVTLASHHPADFTPAVHASLDK[Common Biological:Formylation on K];LLSHC[Common Fixed:Carbamidomethyl on C]LLVTLASHHPADFTPAVHASLDK[Common Biological:Formylation on K];LLSHC[Common Fixed:Carbamidomethyl on C]LLVTLASHHPADFTPAVHASLDK[Common Biological:Formylation on K];LLSHC[Common Fixed:Carbamidomethyl on C]LLVTLASHHPADFTPAVHASLDK[Common Biological:Formylation on K];TYFPHFDVSHGSAQVK[Common Biological:Acetylation on K];TYFPHFDVSHGSAQVK[Common Biological:Acetylation on K];VADALAS[Common Biological:Phosphorylation on S]AAGHLDDLPGALS[Common Biological:Phosphorylation on S]ALSDLHAHK;VADALAS[Common Biological:Phosphorylation on S]AAGHLDDLPGALS[Common Biological:Phosphorylation on S]ALSDLHAHK;VADALAS[Common Biological:Phosphorylation on S]AAGHLDDLPGALS[Common Biological:Phosphorylation on S]ALSDLHAHK;VADALAS[Common Biological:Phosphorylation on S]AAGHLDDLPGALS[Common Biological:Phosphorylation on S]ALSDLHAHK;VADALAS[Common Biological:Phosphorylation on S]AAGHLDDLPGALS[Common Biological:Phosphorylation on S]ALSDLHAHK;VADALASAAGHLDDLPGALSALSDLHAHK[Common Biological:Formylation on K];VADALASAAGHLDDLPGALSALSDLHAHK[Common Biological:Formylation on K];VADALASAAGHLDDLPGALSALSDLHAHK[Common Biological:Formylation on K];VADALASAAGHLDDLPGALSALSDLHAHK[Common Biological:Formylation on K];VADALASAAGHLDDLPGALSALSDLHAHK[Common Biological:Formylation on K];VLSGEDK;
P13634	13.182717399141929	11.134894466826443	15.897871113760218	918544252.0233029	33	3	ADGLAILGVLMK;PLSISYNPATAK;VLDALNSVK;
P28665;P28666	1.0655360459451315	0.6738416181982438	1.4312351446608906	3693024253.196142	110	10	ADSHFRHGIPFFVK;ALGFLRAGYQRELNYK;ALSC[Common Fixed:Carbamidomethyl on C]LESSWK;FRVVSMDK;MSLVLPPTVVK;NRIMQWRDIK;QMSFSLAAEPIQGPYK;VLIVEPEGIK;VRLVDIK;YMVLVPSQLYTETPEK;
P23953	0.8074544776641402	0.4717116028391739	0.9753020691704135	10063599165.964952	116	9	AEEVAFWTELLAK;HSLLPPVVDTTQGK;ILSDM[Common Variable:Oxidation on M]FSTEK;ILSDMFSTEK;ISEDC[Common Fixed:Carbamidomethyl on C]LYLNIYSPADLTK;QEFGWIIPMMLQNLLPEGK;SFNTVPYIVGFNK;TESELLEISGK;YISLEGFEQPVAVFLGVPFAKPPLGSLRFAPPQPAEPWSFVK;
Q91ZS8	2.0151405594173566	1.6990983712694692	2.2767940499250687	696885977.64424	11	1	AGLGAWVEK;
P35441	1.6849112770628172	1.2885932229545272	2.2345890601216056	49064564.65302357	15	2	AGTLDLSLSLPGK;VTEENRELVSELK;
Q01853	10.665444625370672	8.529992377052904	12.781618671567282	442832290.9262824	16	2	AIANEC[Common Fixed:Carbamidomethyl on C]QANFISIK;M[Common Variable:Oxidation on M]DELQLFRGDTVLLK;
P07759	0.808137135709113	0.4305315473235533	1.0671519107037997	107303506447.62216	182	15	AILPAVHFNRPFLFVIYHTSAQSILFM[Common Variable:Oxidation on M]AK;AILPAVHFNRPFLFVIYHTSAQSILFMAK;AILPAVHFNRPFLFVIYHTSAQSILFM[Common Variable:Oxidation on M]AKVNNPK;AILPAVHFNRPFLFVIYHTSAQSILFMAKVNNPK;AVLDVAETGTEAAAATGVIGGIRK;ELISELDERTLMVLVNYIYFK;EVFTEQADLSGITETK;EVFTEQADLSGITETKK;FSIASNYRLEEDVLPEM[Common Variable:Oxidation on M]GIK;FSIASNYRLEEDVLPEMGIK;KLSVSQVVHK;LLTTRHFRDEELSC[Common Fixed:Carbamidomethyl on C]SVLELK;TLFPSQIEELNLPK;TM[Common Variable:Oxidation on M]EEILEGLK;TRALYQTEAFTADFQQPTEAK;
P04919	11.73433554130088	9.817948733143718	13.752920249205298	466232421.768225	15	2	ALLNLVPVQK;IPPDSETTLVLVGRANFLEK;
Q8CGK3	2.0259468421031213	1.8276787885546932	2.2279094258139613	3608426214.1714797	21	1	ALTAEIVK;
Q61147	0.882281966791544	0.6702513929755384	1.119839702343221	2487372858.5626984	128	12	ALYFEYTDGTFSK;DIASGLIGPLILC[Common Fixed:Carbamidomethyl on C]K;DIFTGLIGPM[Common Variable:Oxidation on M]K;DIFTGLIGPMK;DNEEFLESNK;EMGPTYADPVC[Common Fixed:Carbamidomethyl on C]LSK;ETFTYEWTVPK;GTFDVEC[Common Fixed:Carbamidomethyl on C]LTTDHYTGGMK;MYYSGVDPTK;PAWLGFLGPVIK;SLTLLMNPDTK;VVYRQFTDSSFREQVK;
P29699	0.6355766927436809	0.34657359027999174	1.1013699540150772	11926385124.716047	109	8	ANLM[Common Variable:Oxidation on M]HNLGGEEVSVAC[Common Fixed:Carbamidomethyl on C]K;ANLMHNLGGEEVSVAC[Common Fixed:Carbamidomethyl on C]K;C[Common Fixed:Carbamidomethyl on C]NLLAEK;EVTDPAK;LVEISRAQNVPLPVSTLVEFVIAATDC[Common Fixed:Carbamidomethyl on C]TAK;QVLNQIDK;VGQPGAAGPVSPMC[Common Fixed:Carbamidomethyl on C]PGRIRHFK;VGQPGAAGPVSPMC[Common Fixed:Carbamidomethyl on C]PGRIRHFKI;
P01029	0.6407765178856568	0.34657359027998935	1.2233232391933624	391955342.82679373	63	7	ANSFLGQK;ASAGLLGAHAAAITAYALTLTK;DHAVDLIQK;DQFQAALDK;ILSLAQEQVGNSPEK;NRVEASITK;VVLRPTAPRSPTEPVPQAPALWIETTAYALLHLLLREGK;
P34928	0.47118865762211626	0.3465735902799894	0.9343243163356704	5149908424.39142	56	5	APDLSGTLESIPDK;ARAAIEHIK;DLSGTLESIPDK;EFGNTLEDK;TRAWFSEAFGK;
P23953;Q8VCC2;Q8VCT4	0.7771840978436775	0.7106942208729573	0.8408204817734045	1669663518.3779001	21	1	APEEILAEK;
P28665	1.0585308842938126	0.857346106965557	1.4506753323691204	3302787526.3715267	76	7	AQELSYTSATTTDQHGLAEFSIDTTC[Common Fixed:Carbamidomethyl on C]ISGSSLHIK;DNGC[Common Fixed:Carbamidomethyl on C]FRSSGSLFNNAMK;DPSSNDPLTETIRK;NLFDELVLDK;QEHTFSSLFC[Common Fixed:Carbamidomethyl on C]ASDAEISEK;TTLVTIQSTGSFSQK;VPNAMSVNDEVLSVTAC[Common Fixed:Carbamidomethyl on C]GK;
Q921I1	0.9532120151873753	0.7379087237417545	1.3529574885995577	55981025957.02628	415	32	ASDTSITWNNLK;AVSSFFSGSC[Common Fixed:Carbamidomethyl on C]VPC[Common Fixed:Carbamidomethyl on C]ADPVAFPK;C[Common Fixed:Carbamidomethyl on C]APNNKEEYNGYTGAFRC[Common Fixed:Carbamidomethyl on C]LVEK;C[Common Fixed:Carbamidomethyl on C]DEWSIISEGK;C[Common Fixed:Carbamidomethyl on C]ISFRDHMK;C[Common Fixed:Carbamidomethyl on C]STSRLLEAC[Common Fixed:Carbamidomethyl on C]TFHK;C[Common Fixed:Carbamidomethyl on C]STSRLLEAC[Common Fixed:Carbamidomethyl on C]TFHKH;DFASC[Common Fixed:Carbamidomethyl on C]HLAQAPNHVVVSRK;DFQLFSSPLGK;DLLFRDDTK;DSAFGLLRVPPRMDYRLYLGHNYVTAIRNQQEGVC[Common Fixed:Carbamidomethyl on C]PEGSIDNSPVK;FDEFFSQGC[Common Fixed:Carbamidomethyl on C]APGYEK;GTDFQLNQLEGK;GYYAVAVVK;HQTVLDNTEGK;HQTVLDNTEGKNPAEWAK;HTTIFEVLPEK;IVNGEADAMTLDGGHAYIAGQC[Common Fixed:Carbamidomethyl on C]GLVPVMAEYYESSNC[Common Fixed:Carbamidomethyl on C]AIPSQQGIFPK;KGTDFQLNQLEGK;LPEGTTPEK;LSEPRSPLEK;NNGKEDLIWEILK;NPAEWAK;PVAAEFYGSVEHPQTYYYAVAVVK;QEDFELLC[Common Fixed:Carbamidomethyl on C]PDGTRKPVK;SC[Common Fixed:Carbamidomethyl on C]HTGVDRTAGWNIPMGMLYNRINHC[Common Fixed:Carbamidomethyl on C]K;TSYPDC[Common Fixed:Carbamidomethyl on C]IK;TVLPPDGPRLAC[Common Fixed:Carbamidomethyl on C]VK;TVLPPDGPRLAC[Common Fixed:Carbamidomethyl on C]VKK;WC[Common Fixed:Carbamidomethyl on C]ALSHLERTK;WC[Common Fixed:Carbamidomethyl on C]AVSEHENTK;YLGAEYMQSVGNMRK;
P35700	13.319515566414005	10.71656123314701	16.278703160167886	219735125.40220636	31	3	ATAVMPDGQFK;DISLSEYK;LNC[Common Fixed:Carbamidomethyl on C]QVIGASVDSHFC[Common Fixed:Carbamidomethyl on C]HLAWINTPK;
P26262	1.0481206160452166	0.7055363997390182	1.2895041775516123	38225709.35592517	14	2	ATIPLVPNEEC[Common Fixed:Carbamidomethyl on C]QK;VSEYMDWILEK;
O08677	0.8061538236529379	0.5213436079846896	1.2318893499908412	9353199655.655499	169	14	ATSQVVAGTK;C[Common Fixed:Carbamidomethyl on C]QALDMTEMARRPPGFSPFRSVTVQETK;DAEEAATGEC[Common Fixed:Carbamidomethyl on C]TATVGK;DAEEAATGEC[Common Fixed:Carbamidomethyl on C]TATVGKRENEFFIVTQTC[Common Fixed:Carbamidomethyl on C]K;ERFPSLHGDC[Common Fixed:Carbamidomethyl on C]VALPNGDDGEC[Common Fixed:Carbamidomethyl on C]RGNLFMDINNK;ESNTELAEDC[Common Fixed:Carbamidomethyl on C]EIK;EVLGHSIAQLNAENDHPFYYK;LISDFPEATSPK;PC[Common Fixed:Carbamidomethyl on C]PGC[Common Fixed:Carbamidomethyl on C]PRDIPVDSPELK;QFNPGVK;SGNQYM[Common Variable:Oxidation on M]LHRVIEGTK;SGNQYMLHRVIEGTK;TDGSPTFYSFK;YVIEFIARETK;
Q9R0P3	12.875409396631	10.472083102582676	16.07111478228492	18012245.341117885	6	1	AYDATC[Common Fixed:Carbamidomethyl on C]LVK;
Q64726	0.47179989923007515	0.34657359027999096	0.6136706895556043	48397812.82354431	10	1	AYLEEEC[Common Fixed:Carbamidomethyl on C]PEMLK;
Q80YC5	0.9458119931802754	0.6001638026197673	1.32479727176328	19154094.831502732	9	1	C[Common Fixed:Carbamidomethyl on C]FEPQLLK;
Q07456	0.7239184312920934	0.34657532315653716	2.008598280330164	423153181.0199049	24	3	C[Common Fixed:Carbamidomethyl on C]IQFHYGGC[Common Fixed:Carbamidomethyl on C]K;DC[Common Fixed:Carbamidomethyl on C]LQTC[Common Fixed:Carbamidomethyl on C]RTIAAC[Common Fixed:Carbamidomethyl on C]NLPIVQGPC[Common Fixed:Carbamidomethyl on C]RAFIK;LWAFDAAQGK;
Q9DBD0	0.6269733239697802	0.34657359027999013	1.0624085044516356	172717350.61424014	39	4	C[Common Fixed:Carbamidomethyl on C]LQDGTADVSFVK;HLTVFEAMPTK;TIRWC[Common Fixed:Carbamidomethyl on C]VVSDHEATK;VLPAGGPAVTC[Common Fixed:Carbamidomethyl on C]VRK;
Q00623	0.4187277297905874	0.34657359027998924	0.9736717478254491	72312449618.96791	158	10	DEPQSQWDK;DSGRDYVSQFESSSLGQQLNLNLLENWDTLGSTVSQLQERLGPLTRDFWDNLEK;ETDWVRQEMNK;SNPTLNEYHTRAK;TQVQSVIDK;VAPLGAELQESARQK;VQPYLDEFQK;VQPYLDEFQKK;WHVWQQDEPQSQWDK;WKEDVELYRQK;
P97290	0.4669199651615476	0.3465735902799898	1.0012381813400997	333417678.7758118	40	5	DFAC[Common Fixed:Carbamidomethyl on C]VHQALK;FLPTYLTMPHIK;LSEALTDFSVK;TNM[Common Variable:Oxidation on M]AFSPFSIASLLTQVLLGAGDSTK;TNMAFSPFSIASLLTQVLLGAGDSTK;
Q91XF0	12.368796916529236	9.822122439562818	16.290180506696796	20827208.999413434	8	1	DGFRFFTNYESRK;
Q99LX0	11.352833058662647	9.534349113616862	13.871266371001068	193393148.41669118	25	3	DGLILTSRGPGTSFEFALAIVEALVGK;GLIAAIC[Common Fixed:Carbamidomethyl on C]AGPTALLAHEVGFGC[Common Fixed:Carbamidomethyl on C]K;VTVAGLAGK;
P06909	0.6817623926129487	0.3465735902799905	1.1444682251464477	55988583.9481208	15	2	DGRWQSLPRC[Common Fixed:Carbamidomethyl on C]IEK;IYSHSGEDIEFGC[Common Fixed:Carbamidomethyl on C]K;
P51910	0.8220390766180958	0.6872369428510627	0.9342613496865572	63411517.15290362	10	1	DILTSNGIDIEK;
P21614	0.44357303274850224	0.34657359027998963	0.7358250324415555	8029527871.846171	168	14	DLC[Common Fixed:Carbamidomethyl on C]GQSTTQAMDQYTFELSRRTQVPEVFLSK;EDFRSLSLILYSRK;EVVSLTEEC[Common Fixed:Carbamidomethyl on C]C[Common Fixed:Carbamidomethyl on C]AEGADPTC[Common Fixed:Carbamidomethyl on C]YDTRTSELSVK;FSSSTFEQVNQLVK;GQEMC[Common Fixed:Carbamidomethyl on C]ADYSENTFTEYKK;HLSLLTTMSNRVC[Common Fixed:Carbamidomethyl on C]SQYAAYGK;HSDFASK;IC[Common Fixed:Carbamidomethyl on C]QNLSK;RQLTSFIEK;SC[Common Fixed:Carbamidomethyl on C]ESDAPFPVHPGTPEC[Common Fixed:Carbamidomethyl on C]C[Common Fixed:Carbamidomethyl on C]TK;TLREC[Common Fixed:Carbamidomethyl on C]C[Common Fixed:Carbamidomethyl on C]DTQDSVAC[Common Fixed:Carbamidomethyl on C]FSTQSPLLK;TPNTSPAELK;VC[Common Fixed:Carbamidomethyl on C]NELAMLGK;VLEPTLK;
P07759;Q03734	0.7019817259585502	0.3465735902799915	0.8889693486892029	12630317958.940361	34	3	DLQILAEFHEK;ISFDPQDTFESEFYLDEK;LSVSQVVHK;
P19221	0.557420792833586	0.34657359027999096	0.9409706101569953	351409891.098352	40	4	DNLSPPLGQC[Common Fixed:Carbamidomethyl on C]LTERGRLYQGNLAVTTLGSPC[Common Fixed:Carbamidomethyl on C]LPWNSLPAK;IVEGWDAEK;TFGLGEADC[Common Fixed:Carbamidomethyl on C]GLRPLFEK;YQDFDPEVK;
P06151	12.493640601296809	9.791597408672837	15.883299279558871	513067021.15729475	60	4	DQLIVNLLK;FIIPNIVK;SADTLWGIQK;SLNPELGTDADK;
Q06770	1.1165476665601057	0.5963479769426283	2.2487256052398275	577170289.336616	32	4	DSFLADTK;FSMSDTYDLQDVLADVGIK;RLVALNSDK;YNRPFIFLAFDK;
O88947	0.46782748300038535	0.34657359027999	0.7184882615446186	17318108.049358547	8	1	DWAESTLMTQK;
P20918	0.6744021895650578	0.4144997342263266	1.0174488162521549	311349481.6673303	22	3	EAQLPVIENK;RWEYC[Common Fixed:Carbamidomethyl on C]DIPRC[Common Fixed:Carbamidomethyl on C]TTPPPPPSPTYQC[Common Fixed:Carbamidomethyl on C]LK;TPENFPDAGLEMNYC[Common Fixed:Carbamidomethyl on C]RNPDGDK;
P51885	9.055420778847207	7.516234879195408	11.281692391913026	529305717.9355244	33	4	EDAVSASLK;ILGPLSYSK;ISNIPDEYFK;SVPMVPPGIK;
P07758;P22599;Q00896;Q00897;Q00898	0.5688271605070181	0.41716399583524955	0.8050676909567552	10637872222.392677	61	5	EDVQETDTSQK;KVINDFVEK;NHYQAEVFSVNFAESEEAK;NHYQAEVFSVNFAESEEAKK;SFQHLLQTLNRPDSELQLSTGNGLFVNNDLK;
P33622	0.34657359027999124	0.3465735902799884	0.5406047408377682	672066632.6323937	8	1	EEVEGSLLLGSVQGYMEQASK;
P0CG49;P0CG50;P62983;P62984	11.111690474686231	9.145628454405834	12.852719832360531	66111858.679416	15	1	EGIPPDQQRLIFAGK;
O55042;Q91ZZ3	9.309615657228877	7.9462017718618725	11.060270951960117	409244475.16533077	17	1	EGVLYVGSK;
O55042	8.635733921997605	6.942579933486174	9.976211579724648	1620928245.6467423	62	4	EGVVHGVTTVAEK;EQVTNVGGAVVTGVTAVAQK;QGVAEAAGK;TVEGAGNIAAATGFVK;
Q01339	0.5849916376456497	0.34657359027999174	0.9294507355716939	173180579.15492797	23	2	EHSSLAFWK;WSPDIPAC[Common Fixed:Carbamidomethyl on C]ARITC[Common Fixed:Carbamidomethyl on C]PPPPVPK;
P63017	10.9875123998968	9.444708823535887	12.704310494119419	277171187.77844006	47	4	EIAEAYLGK;NQVAMNPTNTVFDAK;SENVQDLLLLDVTPLSLGIETAGGVMTVLIK;VC[Common Fixed:Carbamidomethyl on C]NPIITK;
Q06890	0.5242338062159531	0.3465735902799902	0.8451365350174856	673766648.2134317	40	4	EIQNAVQGVK;FMDTVAEK;SLLNSLEEAK;YYLRVSTVTTHSSDSEVPSRVTEVVVK;
P10639	11.679959313837385	10.08947861076025	13.98319912366247	534713193.45513386	44	3	EKLEASITEYA;LVVVDFSATWC[Common Fixed:Carbamidomethyl on C]GPC[Common Fixed:Carbamidomethyl on C]K;VGEFSGANK;
Q91X72	1.896746883423714	0.8926097568180947	2.8754135093297872	13448768238.367092	113	7	ELGSPPGISLETIDAAFSC[Common Fixed:Carbamidomethyl on C]PGSSRLYVSSGRRLWWLDLK;GGNNLVSGYPK;SGAQATWTEVSWPHEK;SLGPNTC[Common Fixed:Carbamidomethyl on C]SSNGSSLYFIHGPNLYC[Common Fixed:Carbamidomethyl on C]YSSIDK;VDGALC[Common Fixed:Carbamidomethyl on C]LDK;VWVYPPEK;VYLIQGTQVYVFLTK;
P15327	11.868958919238175	9.107176199710258	18.332377163712003	479077069.1006472	25	2	ENRFC[Common Fixed:Carbamidomethyl on C]SWVDQK;ERIAPEILK;
P04186	0.511361927028836	0.34657359027998913	1.237387187032406	319394943.81596804	48	5	EQLLPVK;SLSLC[Common Fixed:Carbamidomethyl on C]GMVWEHK;TPVLEARPQVSC[Common Fixed:Carbamidomethyl on C]SLEGVEIK;VGSQYRLEDIVTYHC[Common Fixed:Carbamidomethyl on C]SRGLVLRGSQK;VLVRVSDERSSDADWVTEK;
E9Q394	5.185510469355755	4.1268586601544754	6.539741301625789	334370386.602834	7	1	ESLVDKSEK;
Q9ESB3	0.7241782326587005	0.5756940753143301	0.8416065815443718	386697551.9304296	30	3	FFGYTPPK;LSPTNC[Common Fixed:Carbamidomethyl on C]DASEPLAEK;VLDLINK;
P17182;P17183;P21550	12.479020365047653	10.791642231977976	14.583361678096962	115080913.8720719	11	1	FGANAILGVSLAVC[Common Fixed:Carbamidomethyl on C]K;
P15532	11.468359611659269	9.798518243698128	13.306722606238118	112480044.99553728	8	1	FLQASEDLLK;
P62827;Q61820	8.973366190271122	7.800440924594409	10.107132991532746	24638876.3924139	9	1	FNVWDTAGQEK;
Q61704	0.5860179126245504	0.3465735902799908	0.8316202720607841	51886839.98781713	14	2	FTVSVNVAAGSK;NIHDQSMTNINDGLLK;
Q9DBB9	0.8610548921173236	0.5992713271600306	1.164542229732952	33983660.64157357	10	1	GAFQSLTGLQMLK;
P24270	11.539952114996364	9.822122439554626	13.38121970192953	214299925.77170715	32	3	GAGAFGYFEVTHDITRYSK;RFNSANEDNVTQVRTFYTK;RLC[Common Fixed:Carbamidomethyl on C]ENIAGHLK;
Q921I1;Q9R0R1	0.8098933067895682	0.6484434865938262	0.9482307289558545	857394613.1035892	16	1	GDVAFVK;
P14152	12.662536958139093	10.175384330005112	17.869223525649673	30549234.658863246	14	2	GEFITTVQQRGAAVIK;VIVVGNPANTNC[Common Fixed:Carbamidomethyl on C]LTASK;
O35945;P24549	10.906262733953461	9.22965619919252	12.927026866078391	44400984.697702244	10	1	GFFVQPTVFSNVTDEMRIAK;
P13020	0.44808219102583646	0.34657359027998974	0.8871602572089746	938520219.2637787	56	5	GGTSRDGGQTAPASIRLFQVRASSSGATRAVEVMPK;SGALNSNDAFVLK;TASDFISK;TGAQELLK;VLRSQHVQVEEGSEPDAFWEALGGK;
P05064	11.097457546053587	9.757139365981045	12.395335846908383	141972255.4913857	11	1	GILAADESTGSIAK;
P16858	12.210819799836905	10.241536355791157	16.84031050923098	1365631647.8403265	92	9	GILGYTEDQVVSC[Common Fixed:Carbamidomethyl on C]DFNSNSHSSTFDAGAGIALNDNFVK;IVSNASC[Common Fixed:Carbamidomethyl on C]TTNC[Common Fixed:Carbamidomethyl on C]LAPLAK;LISWYDNEYGYSNRVVDLMAYMASKE;LTGM[Common Variable:Oxidation on M]AFRVPTPNVSVVDLTC[Common Fixed:Carbamidomethyl on C]RLEK;LWRDGRGAAQNIIPASTGAAK;QASEGPLK;VIHDNFGIVEGLMTTVHAITATQK;VIPELNGK;WGEAGAEYVVESTGVFTTMEK;
P59598	12.502654772004817	10.922583998738528	14.43455186505511	220007771.26106134	13	1	GLAGGVVQLSHK;
P60202	0.5205657011897975	0.3465735902799919	0.6703226928677996	3897407437.001206	6	1	GLSATVTGGQK;
P13541	0.3465735902799914	0.3465735902799909	0.5739208609137373	29295570.042226806	8	1	GQTVDQVHHAVNALSK;
Q4ZJM7	45.76739888469065	37.10638011562877	57.427272623027775	3927941652.657377	20	1	GYRGDLGERGEKGQK;
Q03734	0.677249124627874	0.3682956688274326	0.9393383753573543	25168427.266442448	8	1	IGELYLPK;
Q8BJS7	43.71793131288441	33.292371784819636	60.484047169279705	1295682918.2372737	16	1	IGGSPPPKVTK;
Q8BIZ0	0.7585700894956309	0.5003119468756747	1.0203093847942069	522155085.32330763	11	1	IGGSVLQTHK;
Q8R016	10.690116911769708	9.430573885159749	11.808299498450848	24707221.422479775	10	1	IGPITPLQFYK;
Q6QNU9	12.002554339363646	10.415434719157735	13.840798333864793	7448267228.639572	18	1	IGSISQEALASC[Common Fixed:Carbamidomethyl on C]HSLK;
Q19LI2	1.0673573385396917	0.6159665694122496	1.2524794560358092	1236327482.492784	33	5	IHGFSPTRDAILYYVNLK;MYASQAPPTLC[Common Fixed:Carbamidomethyl on C]LMGNYLMIYPQK;STVHLGQEAIFRC[Common Fixed:Carbamidomethyl on C]HGHVPRVSMELVREGFK;TPFAVASTRSTSAYLK;TYETLAC[Common Fixed:Carbamidomethyl on C]K;
Q9CWJ9	11.300084456458222	9.728381481533455	12.783976033918158	6573259.6267732885	6	1	IISREVSDGIVAPGYEEEALK;
Q61702	0.5470094091034734	0.34657359027999196	0.916364379846836	74466350.91851208	13	2	ILEDMRPVDNFDLVLFGSK;LC[Common Fixed:Carbamidomethyl on C]DLLVANNYFTHFFAPK;
Q61753	11.995279523511417	9.791597408663813	14.198016807864574	44884925.64904819	18	2	ILQDGGLQVVEK;VTADVINAAEK;
Q923D2	11.561123932617244	9.010102438051	14.543583310112199	2680402131.0696716	47	4	ILQESGLK;TVAGQEAVIVLLGTGNDLSPTTVMSEGTRNIVTAMK;VVAC[Common Fixed:Carbamidomethyl on C]TSAFLLWDPTK;YVAVMPPHIGDQPLTGAYTVTLDGRGPSRVISK;
Q8VDI7	9.938324848778214	7.921682063535717	11.97352186144555	7846516.474041665	6	1	ILVSLIEVAQK;
Q9DBP5	10.046340627078784	8.614804630367196	11.714503643047628	17225661.17086495	6	1	IVPVEITISLLK;
P02088	12.019198553146294	9.588424132791319	15.978496555093269	13363617045011.15	725	53	K[Common Biological:Acetylation on K]VITAFNDGLNHLDSLK;K[Common Biological:Acetylation on K]VITAFNDGLNHLDSLK;K[Common Biological:Acetylation on K]VITAFNDGLNHLDSLK;K[Common Biological:Acetylation on K]VITAFNDGLNHLDSLK;K[Common Biological:Acetylation on K]VITAFNDGLNHLDSLK;KVITAFNDGLNHLDSLK;KVITAFNDGLNHLDSLK;KVITAFNDGLNHLDSLK;KVITAFNDGLNHLDSLK;KVITAFNDGLNHLDSLK;LHVDPE[Common Biological:Carboxylation on E]NFR[Common Biological:Methylation on R]LLGNMIVIVLGHHLGK;LHVDPE[Common Biological:Carboxylation on E]NFR[Common Biological:Methylation on R]LLGNMIVIVLGHHLGK;LHVDPE[Common Biological:Carboxylation on E]NFR[Common Biological:Methylation on R]LLGNMIVIVLGHHLGK;LHVDPE[Common Biological:Carboxylation on E]NFR[Common Biological:Methylation on R]LLGNMIVIVLGHHLGK;LHVDPE[Common Biological:Carboxylation on E]NFR[Common Biological:Methylation on R]LLGNMIVIVLGHHLGK;LHVDPENFRLLGN[Common Biological:Hydroxylation on N]M[Common Variable:Oxidation on M]IVIVLGHHLGK;LHVDPENFRLLGN[Common Biological:Hydroxylation on N]M[Common Variable:Oxidation on M]IVIVLGHHLGK;LHVDPENFRLLGN[Common Biological:Hydroxylation on N]M[Common Variable:Oxidation on M]IVIVLGHHLGK;LHVDPENFRLLGN[Common Biological:Hydroxylation on N]M[Common Variable:Oxidation on M]IVIVLGHHLGK;LHVDPENFRLLGN[Common Biological:Hydroxylation on N]M[Common Variable:Oxidation on M]IVIVLGHHLGK;LHVDPENFRLLGNM[Common Variable:Oxidation on M]IVIVLGHHLGK;LHVDPENFRLLGNM[Common Variable:Oxidation on M]IVIVLGHHLGK;LHVDPENFRLLGNM[Common Variable:Oxidation on M]IVIVLGHHLGK;LHVDPENFRLLGNM[Common Variable:Oxidation on M]IVIVLGHHLGK;LHVDPENFRLLGNM[Common Variable:Oxidation on M]IVIVLGHHLGK;VITAFN[Common Biological:Hydroxylation on N]DGLNHLDSLK;VITAFN[Common Biological:Hydroxylation on N]DGLNHLDSLK;VITAFN[Common Biological:Hydroxylation on N]DGLNHLDSLK;VITAFN[Common Biological:Hydroxylation on N]DGLNHLDSLK;VITAFND[Common Biological:Carboxylation on D]GLNHLDSLK;VITAFND[Common Biological:Carboxylation on D]GLNHLDSLK;VITAFND[Common Biological:Carboxylation on D]GLNHLDSLK;VITAFND[Common Biological:Carboxylation on D]GLNHLDSLK;VITAFNDGLNHLDSLK;VITAFNDGLNHLDSLK;VITAFNDGLNHLDSLK;VITAFNDGLNHLDSLK;VITAFNDGLNHLDSLKGTFASLSELHC[Common Fixed:Carbamidomethyl on C]DK;VITAFNDGLNHLDSLKGTFASLSELHC[Common Fixed:Carbamidomethyl on C]DK;VITAFNDGLNHLDSLKGTFASLSELHC[Common Fixed:Carbamidomethyl on C]DK;VITAFNDGLNHLDSLKGTFASLSELHC[Common Fixed:Carbamidomethyl on C]DK;VNSDEVGGEALGR[Common Biological:Dimethylation on R]LLVVYPWTQRYFDSFGDLSSASAIM[Common Variable:Oxidation on M]GNAK;VNSDEVGGEALGR[Common Biological:Dimethylation on R]LLVVYPWTQRYFDSFGDLSSASAIM[Common Variable:Oxidation on M]GNAK;VNSDEVGGEALGR[Common Biological:Dimethylation on R]LLVVYPWTQRYFDSFGDLSSASAIM[Common Variable:Oxidation on M]GNAK;VNSDEVGGEALGR[Common Biological:Dimethylation on R]LLVVYPWTQRYFDSFGDLSSASAIM[Common Variable:Oxidation on M]GNAK;VNSDEVGGEALGR[Common Biological:Dimethylation on R]LLVVYPWTQRYFDSFGDLSSASAIMGNAK;VNSDEVGGEALGR[Common Biological:Dimethylation on R]LLVVYPWTQRYFDSFGDLSSASAIMGNAK;VNSDEVGGEALGR[Common Biological:Dimethylation on R]LLVVYPWTQRYFDSFGDLSSASAIMGNAK;VNSDEVGGEALGR[Common Biological:Dimethylation on R]LLVVYPWTQRYFDSFGDLSSASAIMGNAK;VNSDEVGGEALGR[Common Biological:Dimethylation on R]LLVVYPWTQRYFDSFGDLSSASAIMGNAKVK;VNSDEVGGEALGR[Common Biological:Dimethylation on R]LLVVYPWTQRYFDSFGDLSSASAIMGNAKVK;VNSDEVGGEALGR[Common Biological:Dimethylation on R]LLVVYPWTQRYFDSFGDLSSASAIMGNAKVK;VNSDEVGGEALGR[Common Biological:Dimethylation on R]LLVVYPWTQRYFDSFGDLSSASAIMGNAKVK;
Q8R4U6	2.1119386407827725	1.3418781929329526	2.6642087118387825	53047167.39635808	7	1	KAQVAEAQVELQK;
Q61247	0.7184574051500885	0.5453943871398913	1.2758092776722196	189199924.22398162	20	2	LDNQDFGDHATLK;TFGPDLK;
P06728	0.34657359027999096	0.3465735902799867	2.6462059271560685	369393604.82093227	21	3	LGDASTY[Common Biological:Nitrosylation on Y]ADGVHNK;VNSFM[Common Variable:Oxidation on M]STLEK;VTQTFGENM[Common Variable:Oxidation on M]QK;
P63323	2.6755209701545626	2.2450111111235267	3.173750826736076	95137698.28895381	11	1	LGEWVGLC[Common Fixed:Carbamidomethyl on C]K;
Q9DAI4	10.515780370994754	8.073933378677252	12.322616543275876	8621336159.502163	30	2	LGGNLIGHK;LGGNLIGHK[Common Biological:Carboxylation on K];
Q5I2A0;Q91WP6	0.5101566548900229	0.34657359027999163	0.7044107077773041	53250503.87345299	12	1	LGIREVFSTQADLSAITGTK;
Q8R1B4	9.978366269049573	8.667590103279842	11.34632804974769	1797668495.8791223	7	1	LGSLVENNERVFDHK;
P60330	12.375421878506483	10.613186044402822	14.50705693930406	10732788427.226717	18	1	LHRC[Common Fixed:Carbamidomethyl on C]FRLHVE[Common Biological:Carboxylation on E]SLK;
P17156;P63017	10.38967571909087	8.532092325941605	12.554739731195093	75998419.14406227	8	1	LLQDFFNGK;
Q8CDG3	1.8641762040050471	1.3313367788865698	2.381049021191842	16033626.210863663	10	1	LPM[Common Variable:Oxidation on M]NLLPK;
Q9CR86	7.581593647448955	6.356232742407525	8.938068092319536	24342990.247582316	10	1	LQAVEVVITHLAPGTK;
A6X935	0.49621462380323755	0.3465735902799895	1.135618035878799	664520355.3989671	53	5	LQDQGPDVLLAK;NVIFVIDK;QSLVQATEENLNK;TLFSVLPGLK;VQGVDYLATRELK;
Q3UKC1	81.0702892774286	65.63893755302493	98.73891460967796	81116052.99032238	10	1	LQSC[Common Fixed:Carbamidomethyl on C]LADK;
P97298	0.8909063695330297	0.3465753231565178	1.3928966914358536	8482520.672077172	7	1	LSFEGELTK;
P07758;Q00896;Q00898	0.38315031379225717	0.34657359027998996	0.5789590810119664	49274624.77210918	12	1	LSQAVHK;
Q9QXC1	1.0262082359371094	0.642177548532584	1.5742968964984414	168587396.6149188	19	2	LVVLPFPGK;SQASC[Common Fixed:Carbamidomethyl on C]SLQHSDSEPVGIC[Common Fixed:Carbamidomethyl on C]QGSTVQSSLRHVPLIQPVEK;
P07758;Q00896	0.4985343350793823	0.3465735902799908	0.678598038612102	619369404.6540751	6	1	MQHLEQTLSK;
P63242;Q8BGY2	9.420960703506744	8.188389610861723	10.66544361531456	319227906.62786293	33	2	NGFVVLK;VHLVGIDIFTGK;
P42703	0.743213872513568	0.6321567019553042	0.8467264183136817	25586504.989433914	7	1	NLIVYWK;
P62827	11.481654544655967	9.912014594021842	13.388973933937576	83230003.95566294	6	1	NLQYYDISAK;
Q05020	0.3465735902799908	0.3465735902799885	0.5962658975293765	354501346.4383417	19	2	NQEDDSGSLALLGTVQGSLLSYWTSAK;TYPISMDEK;
Q9D020	3.6532663325201398	2.163718372278651	5.198733822536519	3713714.3844141453	6	1	NTDYFSQLK;
Q641K5	0.46878509304922517	0.34657359027999063	0.6648256095913526	18284447.180382688	6	1	PGASEVVLERQRSLK;
P10126;P62631	1.7102545704079586	1.3817346368173822	2.406844614601866	114447349.22094569	22	2	PLRLPLQDVYK;SVEMHHEALSE[UniProt:5-glutamyl glycerylphosphorylethanolamine on E]ALPGDNVGFNVK;
Q5RJG1	9.86265516638109	8.402802528298912	11.489262067945829	312704480498.66077	10	1	PRVRC[Common Fixed:Carbamidomethyl on C]YDTYQLSLK;
P16406	2.3077217046115956	1.545754383300228	3.273267758589814	601940552.8015301	6	1	PVADLLGWQDTGSHITK;
Q8CGB3	3.7879372241434743	3.1905508886497502	4.355033805974322	88460910.21466327	6	1	QEAERLLAENDKLTK;
P32261	0.6358072292833816	0.3649391531629144	1.1757623540096716	260053181.0531091	28	3	QLMEVFKFDTISEK;SSDLVSANRLFGDK;TSDQIHFFFAK;
O88783	0.6042325349233113	0.39261340071481154	0.7882315527706694	70608399.14655569	11	1	QWLQVDLLK;
P03953	1.3356982955199093	1.0171651339930088	1.638064942831823	34823609.109990865	7	1	RWYDVQSVVPHPGSRPDSLEDDLILFK;
P10126	1.544514568417533	1.3820927990098377	1.7183905113401734	130234763.18494903	7	1	RYEEIVK;
Q61129	0.7174619839034228	0.42028533349501	1.0994831790355786	323858323.5441186	43	4	SFEC[Common Fixed:Carbamidomethyl on C]LHPEIK;SGVC[Common Fixed:Carbamidomethyl on C]IPDQYK;TEGLVQVK;VFC[Common Fixed:Carbamidomethyl on C]QPWQRC[Common Fixed:Carbamidomethyl on C]IEGTC[Common Fixed:Carbamidomethyl on C]IC[Common Fixed:Carbamidomethyl on C]K;
P39039	0.7101704434758238	0.5345800470145152	0.904891880626557	20456343.079602253	7	1	SLC[Common Fixed:Carbamidomethyl on C]TELQGTVAIPRNAEENK;
Q9D358	13.727049222021915	12.113722134916992	15.85061012028246	18449656.75651522	7	1	SVLFVC[Common Fixed:Carbamidomethyl on C]LGNIC[Common Fixed:Carbamidomethyl on C]RSPIAEAVFRK;
O70362	0.7913497304405088	0.5079973766808226	1.0589513269361912	19840805.737393674	7	1	SWMTPC[Common Fixed:Carbamidomethyl on C]PEEK;
P17742	11.178895273202606	10.013683625533961	12.5889426182226	124377553.82785481	16	1	TEWLDGK;
P62962	2.581702236928445	1.6414786287435201	3.7255962405750918	107425836.75115475	8	1	TFVSITPAEVGVLVGK;
P09813	0.5659108400169218	0.3537403701798345	0.7256034216084924	4683038414.127129	32	2	THEQLTPLVRSAGTSLVNFFSSLM[Common Variable:Oxidation on M]NLEEK;TSEIQSQAK;
Q8CHP8	11.644639822773604	10.255173554667072	12.812332357854869	18500887.87417229	7	1	TILTLTGVSSLEDVK;
P49182	0.7953252176384753	0.3465735902799906	1.2045306813101806	12400688.695989892	7	1	TLEAQLTPQVVERWQK;
P22599;Q00896;Q00897	0.6783290864623331	0.5688668416620525	0.7789921112159459	3114667993.532748	14	1	TLMSPLGITRIFNNGADLSGITEENAPLK;
G5E8P0	12.524132923368256	10.364042771530345	15.190602247643021	570205595.8161011	9	1	TLVAEPSMLGSGIPEEK;
P59325	10.643337900346799	8.78736283670449	12.426446406578759	40128511.81674065	6	1	TVIVNMVDVAK;
P24549	10.364081929929512	7.517050000646137	14.779257581220136	65908844.19658705	8	1	VAFTGSTQVGK;
P01887	0.3465735902799915	0.34657359027998963	0.6454785869161829	378919117.03661793	11	1	VEMSDMSFSK;
Q8R146	10.471342344431635	7.964462605530329	13.157691354572648	5087198.074364145	7	1	VGFLPPAGK;
P70296	13.08689109293098	11.922036129342077	14.31826441974692	14612799.363932285	6	1	VLTPTQVMNRPSSISWDGLDPGK;
P28665;P28666;Q61838;Q6GQT1	1.7785090918445792	1.465954318802626	2.0574881431898957	1593091363.1591434	13	1	VPDTITEWK;
Q61703	0.6362103394933836	0.34657359027999174	1.0846015844024928	32082326.554149546	8	1	VQSTITSRVATTTIQSK;
P09041;P09411	12.530909003540371	11.042650638202183	14.300540139466774	30091295.376835916	16	1	VSHVSTGGGASLELLEGK;
P07758;P22599;Q00897;Q00898	0.5751894128012063	0.41870114261205266	0.7197491075759529	426897607.83852625	15	1	VVDPTHK;
Q3U0B3	13.468321910082874	11.311148507832048	16.282527144936587	25042054.647589736	8	1	VVGC[Common Fixed:Carbamidomethyl on C]ARTVGNIEELAAEC[Common Fixed:Carbamidomethyl on C]K;
P97494	12.019211563184708	10.359395913315641	14.392590958470725	18967613.685473755	10	1	VVINVPIFK;
P17751	12.280067398782972	10.57755502151608	14.13432260521921	138330951.21535298	12	1	VVLAYEPVWAIGTGK;
Q60590	1.014055043257584	0.7057590955979315	1.3505585810636171	179661372.32761055	16	2	WFFMGAAFRK;YEGGVETFAHLIVLRK;
P23492	12.479020365047699	10.497458436467484	15.193932059621842	21870778.392476425	8	1	WLLQHTEYRPQVAVIC[Common Fixed:Carbamidomethyl on C]GSGLGGLTAHLK;
P63242	9.912738002041966	7.643038709442983	12.575239124800865	20663076.896473832	6	1	YDC[Common Fixed:Carbamidomethyl on C]GEEILITVLSAMTEEAAVAIK;
P11276	1.414629548170574	0.9551297082299802	1.795811131559297	18296459.192196645	6	1	YEVSVYALK;
P11352	12.10208966988036	10.618063427695267	13.763843934867891	464159010.31488883	27	2	YIIWSPVC[Common Fixed:Carbamidomethyl on C]RNDIAWNFEK;YVRPGGGFEPNFTLFEK;
P60710;P63260	2.696861016004853	2.1999085329426005	3.134143518535852	158013413.9514592	7	1	YPIEH[UniProt:Tele-methylhistidine on H]GIVTNWDDMEK;
P09411	12.761618842074213	10.74813429306789	15.08481350511314	55812515.7219909	11	1	YSLEPVAAELK;
P46412	0.7881195451936926	0.5479467668200304	1.025987922496485	90760034.77679236	13	1	YVRPGGGFVPNFQLFEK;
